Item1, Item2, Support1, Support2, Confidence, Lift 
c,d,0.666666666667,0.333333333333,0.5,1.5
d,c,0.333333333333,0.666666666667,1.0,1.5
b,c,1.0,0.666666666667,0.666666666667,1.0
b,a,1.0,1.0,1.0,1.0
c,a,0.666666666667,1.0,1.0,1.0
a,d,1.0,0.333333333333,0.333333333333,1.0
d,a,0.333333333333,1.0,1.0,1.0
c,b,0.666666666667,1.0,1.0,1.0
a,b,1.0,1.0,1.0,1.0
d,b,0.333333333333,1.0,1.0,1.0
a,c,1.0,0.666666666667,0.666666666667,1.0
b,d,1.0,0.333333333333,0.333333333333,1.0
